Date,BTC-USD_Close,BTC-USD_Vol,ETH-USD_Close,ETH-USD_Vol,TRX-USD_Close,TRX-USD_Vol,BNB-USD_Close,BNB-USD_Vol,XRP-USD_Close,XRP-USD_Vol,DOGE-USD_Close,DOGE-USD_Vol,ADA-USD_Close,ADA-USD_Vol,SOL-USD_Close,SOL-USD_Vol,SHIB-USD_Close,SHIB-USD_Vol,LTC-USD_Close,LTC-USD_Vol,Cashback,Day,weekday,is_weekend,end_of_month,beginning_of_month,is_holiday
2022-01-01,47686.8125,24582667004,3769.697021484375,9776191466,0.07660999894142151,1207176771,527.3527221679688,1622547014,0.8494719862937927,1156464024,0.17303499579429626,371336089,1.3769750595092773,851279685,178.5179443359375,1084780603,3.400000059627928e-05,608789558,150.6974334716797,691648227,1.0,1,5,True,False,True,True
2022-01-02,47345.21875,27951569547,3829.56494140625,9881471548,0.07778199762105942,1361260678,531.3966674804688,1462276185,0.8591179847717285,1134033205,0.17440299689769745,391041933,1.3775839805603027,881893010,176.38284301757812,995389409,3.400000059627928e-05,574109134,151.2554931640625,680239631,1.0,2,6,True,False,True,False
2022-01-03,46458.1171875,33071628362,3761.38037109375,12080777893,0.07708100229501724,1342568593,512.135986328125,1949153130,0.8328850269317627,1428968710,0.170087993144989,505900382,1.3216370344161987,956659954,170.29774475097656,1345778058,3.300000025774352e-05,720676202,148.4615936279297,755658603,1.0,3,0,False,False,True,False
2022-01-04,45897.57421875,42494677905,3794.056640625,14030925983,0.07620000094175339,1287549032,507.506103515625,2200879165,0.8246729969978333,1514079366,0.16880300641059875,541922892,1.3116580247879028,1014646349,167.93890380859375,1499265336,3.199999991920777e-05,717218977,146.81228637695312,789511706,1.0,4,1,False,False,True,False
2022-01-05,43569.00390625,36851084859,3550.386962890625,18061338502,0.07138200104236603,1548312023,475.05694580078125,2870757788,0.7743579745292664,2252733064,0.15941999852657318,994086848,1.236001968383789,1416139355,155.0997314453125,2123759721,2.9999999242136255e-05,1138566779,136.089111328125,1304198400,1.0,5,2,False,False,False,False
2022-01-06,43160.9296875,30208048289,3418.408203125,24293791313,0.0711119994521141,1852557542,473.2756042480469,4400228627,0.7813460230827332,2165022786,0.16021299362182617,715345645,1.2797820568084717,1559075484,150.4313507080078,2097172620,3.099999958067201e-05,1172523092,136.5037841796875,1136595284,1.0,6,3,False,False,False,False
2022-01-07,41557.90234375,84196607520,3193.21044921875,24494179209,0.06812600046396255,1606695992,447.7884826660156,4613172287,0.7630739808082581,2329624598,0.155022993683815,969384523,1.2115470170974731,1751707653,136.40281677246094,2926269672,2.9000000722589903e-05,1169467775,131.4884490966797,1364180297,1.0,7,4,False,False,False,False
2022-01-08,41733.94140625,28066355845,3091.97265625,16037732700,0.06572200357913971,1054607408,430.24615478515625,4068139021,0.7476879954338074,1792091501,0.15195399522781372,584437036,1.1875120401382446,1499054949,142.51345825195312,2730000333,2.8000000384054147e-05,1081101278,130.13748168945312,1002118315,1.0,8,5,True,False,False,False
2022-01-09,41911.6015625,21294384372,3157.75146484375,12334683863,0.0662669986486435,888640481,438.8030700683594,3347862691,0.7545049786567688,1182503166,0.15106500685214996,408786249,1.17385995388031,1088569809,140.83900451660156,1599123912,2.8000000384054147e-05,741130328,131.29832458496094,710682825,1.0,9,6,True,False,False,False
2022-01-10,41821.26171875,32104232331,3083.097900390625,19535744145,0.06356500089168549,1210963183,424.93377685546875,4156063326,0.7393350005149841,2014043704,0.1433590054512024,763684873,1.128051996231079,1481621292,135.95494079589844,2040883379,2.700000004551839e-05,1044022667,126.83382415771484,1097888042,1.0,10,0,False,False,False,False
2022-01-11,42735.85546875,26327648900,3238.111572265625,15211447193,0.06493400037288666,993256206,463.518310546875,4600615710,0.7705540060997009,1897366203,0.1533990055322647,1628447666,1.1851099729537964,1089929557,140.18385314941406,1554197314,2.8000000384054147e-05,856528185,131.54498291015625,834900749,1.0,11,1,False,False,False,False
2022-01-12,43949.1015625,33499938689,3372.25830078125,16662871689,0.06806299835443497,793399590,487.0074157714844,4131335431,0.7995479702949524,1976047994,0.16165199875831604,896008600,1.3045350313186646,1651269250,151.70310974121094,2242337550,3.199999991920777e-05,1541810685,141.73719787597656,881585292,1.0,12,2,False,False,False,False
2022-01-13,42591.5703125,47691135082,3248.28857421875,15294466275,0.06627299636602402,1064293958,475.02911376953125,4151007744,0.7683280110359192,1578656460,0.17204299569129944,2301820074,1.2331609725952148,2022506483,146.01004028320312,2177023564,2.9999999242136255e-05,1435576624,136.6365203857422,886433982,1.0,13,3,False,False,False,False
2022-01-14,43099.69921875,23577403399,3310.00146484375,13562957230,0.06766600161790848,1245430751,489.867431640625,3112235914,0.7742969989776611,1576111969,0.18354900181293488,5784004926,1.2909259796142578,1855980787,146.15902709960938,1822320951,3.099999958067201e-05,1538750911,144.72491455078125,1204657825,1.0,14,4,False,False,False,False
2022-01-15,43177.3984375,18371348298,3330.53076171875,9619999078,0.06854400038719177,745432667,494.9880676269531,1766015929,0.7814229726791382,1029135167,0.18510299921035767,1878282290,1.2962629795074463,967735764,147.80117797851562,1123271784,3.099999958067201e-05,697319385,147.93740844726562,1001838786,1.0,15,5,True,False,False,False
2022-01-16,43113.87890625,17902097845,3350.921875,9505934874,0.06987299770116806,795161568,498.42791748046875,1771927950,0.778954029083252,1005077258,0.17717599868774414,1102750171,1.407251000404358,2436680646,147.8565216064453,1172854751,3.099999958067201e-05,613620998,146.533203125,756580688,1.0,16,6,True,False,False,False
2022-01-17,42250.55078125,21690904261,3212.304931640625,12344309617,0.07079199701547623,1187460204,475.7098693847656,2134608006,0.7627419829368591,1406443014,0.1711450070142746,1094379303,1.5941309928894043,5285117130,139.92601013183594,1487772250,2.9000000722589903e-05,758868918,151.66726684570312,1608309071,1.0,17,0,False,False,False,True
2022-01-18,42375.6328125,22417209227,3164.025146484375,13024154091,0.06848499923944473,1136342399,472.00506591796875,2106859289,0.7526310086250305,1510069237,0.16548499464988708,979693368,1.4655410051345825,4287066351,141.58718872070312,1449435942,2.8000000384054147e-05,817784966,141.89076232910156,1278790664,1.0,18,1,False,False,False,False
2022-01-19,41744.328125,23091543258,3095.825927734375,13187424144,0.06928099691867828,1076902669,462.82208251953125,1780063381,0.739749014377594,1446126322,0.16235600411891937,935006164,1.34175705909729,3304139176,135.79238891601562,1444663456,2.700000004551839e-05,644592746,136.9167022705078,926249070,1.0,19,2,False,False,False,False
2022-01-20,40680.41796875,20382033940,3001.1201171875,10645922764,0.06773799657821655,771683932,440.00543212890625,1881741995,0.7194210290908813,1251475248,0.15520399808883667,469269658,1.2580549716949463,1686210420,127.20528411865234,984099352,2.5999999706982635e-05,380410746,130.36500549316406,706911161,1.0,20,3,False,False,False,False
2022-01-21,36457.31640625,43011992031,2557.931640625,26796291874,0.0609080009162426,1380540047,383.07391357421875,3647221590,0.6357380151748657,3150758603,0.14263999462127686,1163061854,1.1232329607009888,3009627794,111.96605682373047,3771688473,2.2000000171829015e-05,1422249920,114.3918685913086,1680709016,1.0,21,4,False,False,False,False
2022-01-22,35030.25,39714385405,2405.18115234375,27369692036,0.056685999035835266,1742549671,358.0961608886719,4226932408,0.5960419774055481,3613862355,0.13289199769496918,1693524581,1.066715955734253,3930474859,94.1783676147461,4039466376,2.099999983329326e-05,2140529993,108.42849731445312,2098519931,1.0,22,5,True,False,False,False
2022-01-23,36276.8046875,26017975951,2535.0390625,16481489511,0.05757300183176994,1128920315,383.9339599609375,2786834863,0.6287559866905212,1851934913,0.14186300337314606,1006234946,1.122370958328247,2362627205,99.5782241821289,2548191912,2.2000000171829015e-05,1957464251,112.08950805664062,1135598050,1.0,23,6,True,False,False,False
2022-01-24,36654.328125,41856658597,2440.352294921875,28220804648,0.05504300072789192,1622227424,371.36895751953125,3210871602,0.6121389865875244,2759980202,0.1377979964017868,1446873574,1.0665980577468872,3237316963,91.65016174316406,4664539688,2.099999983329326e-05,1924476636,109.59159851074219,1645918728,1.0,24,0,False,False,False,False
2022-01-25,36954.00390625,26428189594,2455.93505859375,16179776932,0.05587499961256981,1109217822,384.6193542480469,2325661159,0.617563009262085,1731121388,0.14304900169372559,1347567750,1.0435739755630493,1766326155,94.72035217285156,2842652332,2.099999983329326e-05,1047337942,108.06637573242188,909091096,1.0,25,1,False,False,False,False
2022-01-26,36852.12109375,31324598034,2468.0302734375,21229909340,0.05626700073480606,1020554347,375.7554626464844,2226973227,0.6220719814300537,2302112575,0.14378899335861206,1253108115,1.0790469646453857,2437592239,92.23804473876953,3177186515,2.099999983329326e-05,1155008423,107.28218078613281,1064088735,1.0,26,2,False,False,False,False
2022-01-27,37138.234375,25041426629,2423.001220703125,16126522783,0.05640299990773201,740762468,390.0882873535156,1952844398,0.6087700128555298,1586137620,0.1412470042705536,608707586,1.0435329675674438,1519972359,89.63249206542969,2513945822,2.099999983329326e-05,890469542,106.9535140991211,825647673,1.0,27,3,False,False,False,False
2022-01-28,37784.33203125,22238830523,2547.092041015625,14666227351,0.05759299919009209,608753944,386.0843811035156,1592850476,0.6125119924545288,1318006848,0.14165599644184113,506667466,1.0506060123443604,1206550586,91.31289672851562,2156098049,2.099999983329326e-05,538455794,109.43273162841797,683706404,1.0,28,4,False,True,False,False
2022-01-29,38138.1796875,17194183075,2597.084716796875,11172062661,0.06026799976825714,693230761,389.1327819824219,1330610935,0.6169350147247314,958847124,0.1430560052394867,397610776,1.0595699548721313,913122499,96.2234878540039,1727329992,2.2000000171829015e-05,551033703,110.82367706298828,592402655,1.0,29,5,True,True,False,False
2022-01-30,37917.6015625,14643548444,2603.466552734375,9501221177,0.058733999729156494,539574622,377.6129150390625,1289330238,0.603181004524231,870878596,0.13947099447250366,363976741,1.0374729633331299,748084610,93.29767608642578,1110338981,2.099999983329326e-05,488342024,108.79985809326172,537737428,1.0,30,6,True,True,False,False
2022-01-31,38483.125,20734730465,2688.27880859375,13778234614,0.059140998870134354,779591396,375.2773132324219,1386778184,0.6191490292549133,1266538239,0.1418049931526184,412307174,1.0523029565811157,925666321,99.73883819580078,1888454241,2.099999983329326e-05,531285879,109.58769989013672,691404381,1.0,31,0,False,True,False,False
2022-02-01,38743.2734375,20288500328,2792.1171875,13194846235,0.059866998344659805,735081397,385.46380615234375,1392647608,0.6292330026626587,1183031072,0.14263099431991577,409432267,1.0886240005493164,1130552843,109.9789810180664,3568466349,2.2000000171829015e-05,519254046,115.4020004272461,824048434,1.0,1,1,False,False,True,False
2022-02-02,36952.984375,19155189416,2682.85400390625,13876301217,0.05864600092172623,740774665,367.4716796875,1290849744,0.6014829874038696,1182736030,0.13723500072956085,483194691,1.028905987739563,1086043481,101.83760070800781,3297984784,2.099999983329326e-05,484518640,108.55602264404297,743395485,1.0,2,2,False,False,True,False
2022-02-03,37154.6015625,18591534769,2679.16259765625,12755505065,0.05965900048613548,849458813,370.87774658203125,1202744039,0.6076840162277222,1042290345,0.1375409960746765,383506507,1.0564440488815308,873675008,101.45903778076172,2618951519,2.099999983329326e-05,421850042,110.28700256347656,683428425,1.0,3,3,False,False,True,False
2022-02-04,41500.875,29412210792,2983.5869140625,18987223729,0.06440900266170502,955304604,399.02960205078125,1711084752,0.6558769941329956,1543180484,0.14750300347805023,580740990,1.1356240510940552,1178757518,112.17424774169922,3121470028,2.2000000171829015e-05,609855710,120.91803741455078,953726676,1.0,4,4,False,False,True,False
2022-02-05,41441.1640625,19652846215,3014.648193359375,13102093957,0.06475900113582611,866798264,414.20001220703125,2039010962,0.6671270132064819,1760389771,0.1471409946680069,587009429,1.1273449659347534,1363912644,113.89430236816406,2337469324,2.300000051036477e-05,842566055,121.91674041748047,736360985,1.0,5,5,True,False,False,False
2022-02-06,42412.43359375,16142097334,3057.47607421875,9466018022,0.06620600074529648,670345285,419.5455627441406,1427593921,0.6836469769477844,1095140341,0.15376999974250793,757004142,1.1445469856262207,911521818,115.29975891113281,1488437091,2.8000000384054147e-05,2156462842,127.44550323486328,782675364,1.0,6,6,True,False,False,False
2022-02-07,43840.28515625,28641855926,3142.470703125,15197063785,0.06856200098991394,904658907,433.2292785644531,1755674427,0.8278189897537231,4197403037,0.1655779927968979,1791358822,1.1973069906234741,2107219347,117.35514831542969,2501444983,3.300000025774352e-05,4764331366,137.10739135742188,1131143500,1.0,7,0,False,False,False,False
2022-02-08,44118.4453125,33079398868,3122.608642578125,17136080906,0.06814900040626526,1032224697,408.7767639160156,2247004672,0.8781939744949341,6159382645,0.15840500593185425,1190116000,1.1787199974060059,2267265855,113.5954818725586,2670414753,3.099999958067201e-05,3618590002,133.99124145507812,1373203815,1.0,8,1,False,False,False,False
2022-02-09,44338.796875,23245887300,3239.45703125,13951308490,0.06982000172138214,1096017424,422.4655456542969,1601745132,0.8706269860267639,3760269362,0.1591230034828186,778670798,1.1948100328445435,1239455609,114.01937866210938,1844036035,3.300000025774352e-05,2365650708,140.17160034179688,1036393461,1.0,9,2,False,False,False,False
2022-02-10,43565.11328125,32142048537,3077.482177734375,18629485080,0.06865999847650528,1231341478,415.1192321777344,2037888603,0.8300099968910217,3535002566,0.15188899636268616,1053630584,1.1524779796600342,1810255178,106.20280456542969,2534257400,3.099999958067201e-05,2546459745,135.08839416503906,1276403767,1.0,10,3,False,False,False,False
2022-02-11,42407.9375,26954925781,2927.383544921875,16043881065,0.06404799968004227,1361740340,400.4223937988281,1714654174,0.7602260112762451,3346204748,0.14484700560569763,776730555,1.080346941947937,1395763170,96.38188171386719,2244853464,2.9000000722589903e-05,2012806768,126.03115844726562,1080587719,1.0,11,4,False,False,False,False
2022-02-12,42244.46875,18152390304,2917.36279296875,11254355757,0.06348799914121628,1088288712,403.3897399902344,1372516416,0.8224080204963684,3457258389,0.14440500736236572,602699408,1.0581990480422974,1401190670,95.91820526123047,1722515979,2.9000000722589903e-05,1683120664,126.68367767333984,832593853,1.0,12,5,True,False,False,False
2022-02-13,42197.515625,14741589015,2883.46337890625,9054963563,0.06446400284767151,971646317,398.88677978515625,1151509777,0.8102729916572571,2504198747,0.14894799888134003,1581065491,1.0458190441131592,1066206015,93.24410247802734,1150014559,2.9999999242136255e-05,2065365631,126.20421600341797,688706404,1.0,13,6,True,False,False,False
2022-02-14,42586.91796875,20827783012,2933.47900390625,12164552172,0.06454899907112122,858657148,403.6607971191406,1269083662,0.8022180199623108,2401300497,0.14600299298763275,898042727,1.050266981124878,1261583495,96.43327331542969,1787236369,2.9999999242136255e-05,1558119657,124.80005645751953,712457600,1.0,14,0,False,False,False,True
2022-02-15,44575.203125,22721659051,3179.877197265625,13921257873,0.06684699654579163,925056523,432.4093933105469,2538883559,0.8523330092430115,2249706300,0.151760995388031,674961496,1.1075860261917114,1370174980,104.87330627441406,2134576044,3.099999958067201e-05,1602354887,131.7626190185547,783234535,1.0,15,1,False,False,False,False
2022-02-16,43961.859375,19792547657,3127.830078125,12352406833,0.06647100299596786,895487514,427.9181213378906,1670788158,0.8390359878540039,2165008058,0.14909499883651733,505588732,1.0849809646606445,1028924852,101.93289947509766,1908954820,3.099999958067201e-05,1350071541,128.1608428955078,715637001,1.0,16,2,False,False,False,False
2022-02-17,40538.01171875,26246662813,2881.48193359375,15860206214,0.06247999891638756,1053177299,402.4500427246094,1644013199,0.7671729922294617,2798023719,0.1385519951581955,721382126,1.0198949575424194,1093325576,93.4104232788086,1872498133,2.8000000384054147e-05,2067544526,116.30241394042969,938120691,1.0,17,3,False,False,False,False
2022-02-18,40030.9765625,23310007704,2785.7275390625,15748173433,0.06314700096845627,891046818,399.5691833496094,1554511893,0.7858899831771851,2913093056,0.1387680023908615,563817289,0.9971129894256592,1288743412,90.06546020507812,1669246812,2.8000000384054147e-05,1458694142,115.19709014892578,1205742846,1.0,18,4,False,False,False,False
2022-02-19,40122.15625,13736557863,2763.701171875,9774183169,0.0635560005903244,753293121,400.0435791015625,1192395484,0.8225280046463013,3325442943,0.14120599627494812,655782652,0.9977030158042908,1104597763,91.49665069580078,1084605729,2.8000000384054147e-05,929189862,115.7090072631836,686244892,1.0,19,5,True,False,False,False
2022-02-20,38431.37890625,18340576452,2628.6484375,11641437834,0.06206599995493889,901307183,380.825927734375,1431745519,0.7782959938049316,3041836889,0.13686800003051758,490138547,0.9329019784927368,1429017666,90.90141296386719,1912980153,2.5999999706982635e-05,1235841144,110.83203887939453,736479992,1.0,20,6,True,False,False,False
2022-02-21,37075.28125,29280402798,2573.816162109375,18646392740,0.05962499976158142,1208227105,356.6612548828125,2164511484,0.70346599817276,3580522306,0.12849000096321106,913773124,0.8582360148429871,2072270994,83.12316131591797,2892900595,2.4000000848900527e-05,2001180593,103.45049285888672,980192105,1.0,21,0,False,False,False,True
2022-02-22,38286.02734375,25493150450,2639.29931640625,16360200507,0.06266400218009949,1008773090,374.3074645996094,2037210077,0.722832977771759,3539593096,0.13155299425125122,711967119,0.8890169858932495,2058499639,86.46538543701172,2046554018,2.499999936844688e-05,1524043647,107.52279663085938,902125484,1.0,22,1,False,False,False,False
2022-02-23,37296.5703125,21849073843,2590.359619140625,13382637240,0.06096599996089935,987073097,366.53948974609375,1644707704,0.6987460255622864,2690184820,0.12784600257873535,587472906,0.8691689968109131,1824386011,84.90278625488281,2293962445,2.499999936844688e-05,1728129985,105.96595001220703,740588315,1.0,23,2,False,False,False,False
2022-02-24,38332.609375,46383802093,2598.067138671875,29312342666,0.061121001839637756,1307665649,361.2346496582031,2972951900,0.6962720155715942,5146799150,0.12381300330162048,2046477370,0.8534250259399414,3629367685,89.19474792480469,5253578948,2.4000000848900527e-05,3275038601,104.2304916381836,1676181000,1.0,24,3,False,False,False,False
2022-02-25,39214.21875,26545599159,2764.53564453125,17208902048,0.05949600040912628,1432622630,374.9149475097656,1839035023,0.7689030170440674,3460713330,0.12757599353790283,805161073,0.8980270028114319,1652894219,92.59882354736328,3069242551,2.499999936844688e-05,1740381961,109.26631164550781,903266080,1.0,25,4,False,False,False,False
2022-02-26,39105.1484375,17467554129,2781.11181640625,11724648351,0.059530001133680344,946242863,373.6387634277344,1319208551,0.7509729862213135,3051695701,0.12764699757099152,535575654,0.8879179954528809,1099934921,90.14156341552734,1721041901,2.4000000848900527e-05,1099351580,108.24365997314453,773091210,1.0,26,5,True,False,False,False
2022-02-27,37709.78515625,23450127612,2621.8017578125,16150857254,0.05805300176143646,1374458612,360.5310363769531,1600855952,0.721992015838623,2733141782,0.12311100214719772,592809151,0.858335018157959,1278510571,85.51905059814453,2012522473,2.300000051036477e-05,1217089606,103.10559844970703,706861756,1.0,27,6,True,False,False,False
2022-02-28,43193.234375,35690014104,2919.201171875,19266124733,0.06174900010228157,971123894,395.6124267578125,1868349380,0.782043993473053,3053923291,0.13315600156784058,765755924,0.9598280191421509,1779202386,99.52034759521484,3457872746,2.5999999706982635e-05,1513953706,113.47457885742188,930577763,1.0,28,0,False,True,False,False
2022-03-01,44354.63671875,32479047645,2972.485107421875,18757425786,0.06212500110268593,803573245,408.4822998046875,2885318336,0.7848619818687439,2877778057,0.1339379996061325,876604512,0.9623460173606873,1778795527,98.65355682373047,3225742519,2.700000004551839e-05,2075874028,112.5440444946289,951568702,1.0,1,1,False,False,True,False
2022-03-02,43924.1171875,29183112630,2950.118408203125,16636517503,0.061510998755693436,724474999,409.00030517578125,2045870796,0.7684959769248962,2401047273,0.1329900026321411,709536320,0.9386619925498962,1262681262,100.6496353149414,3800592927,2.5999999706982635e-05,1396864024,110.35135650634766,838169853,1.0,2,2,False,False,True,False
2022-03-03,42451.7890625,24967782593,2834.468994140625,13091199728,0.059964001178741455,641921174,402.5506896972656,1598018507,0.7521849870681763,2213014779,0.12961000204086304,518193386,0.902658998966217,986233549,95.53919982910156,2309311748,2.499999936844688e-05,963213922,111.35211944580078,905649306,1.0,3,3,False,False,True,False
2022-03-04,39137.60546875,28516271427,2617.156005859375,14496939024,0.058191001415252686,777565049,374.2808837890625,1740563403,0.7126719951629639,2359803521,0.12259099632501602,650665594,0.8428890109062195,1115108721,88.24597930908203,2592829728,2.4000000848900527e-05,977852640,101.39179992675781,930473366,1.0,4,4,False,False,True,False
2022-03-05,39400.5859375,16975917450,2664.8310546875,8072368396,0.06042800098657608,657435476,384.87335205078125,1321262776,0.7548999786376953,2297850919,0.12499599903821945,334091552,0.8656719923019409,734896311,89.64784240722656,1437161887,2.499999936844688e-05,722836004,104.97718811035156,548783174,1.0,5,5,True,False,False,False
2022-03-06,38419.984375,19745229902,2555.037353515625,8872976607,0.0589199997484684,758260527,375.0111999511719,1305295273,0.7259939908981323,1862292224,0.12076599895954132,400458464,0.8237519860267639,670024869,84.54218292236328,1467561782,2.4000000848900527e-05,639453988,101.59391784667969,563304861,1.0,6,6,True,False,False,False
2022-03-07,38062.0390625,28546143503,2497.771240234375,14594098731,0.05868000164628029,893261081,381.3446350097656,2058321705,0.7232869863510132,2920222453,0.11710499972105026,513014829,0.7973790168762207,1040234323,82.13006591796875,2375648176,2.300000051036477e-05,877141756,98.8692626953125,756482342,1.0,7,0,False,False,False,False
2022-03-08,38737.26953125,25776583476,2576.74755859375,13922922903,0.06054399907588959,1091513262,381.95855712890625,1684540144,0.7209770083427429,1907305640,0.11702899634838104,491414294,0.8012499809265137,955952004,82.2547607421875,2112765959,2.300000051036477e-05,703855373,100.61764526367188,699527175,1.0,8,1,False,False,False,False
2022-03-09,41982.92578125,32284121034,2729.783447265625,14173665398,0.06084100157022476,1111369248,393.5557556152344,2425559108,0.7672359943389893,2408572082,0.12158799916505814,519157507,0.8492929935455322,980869497,88.20206451416016,2624860794,2.4000000848900527e-05,951434921,106.94209289550781,812074655,1.0,9,2,False,False,False,False
2022-03-10,39437.4609375,31078064711,2608.048583984375,13292477213,0.05986899882555008,1114796677,372.1590270996094,2105808203,0.7374650239944458,2418938595,0.1168849989771843,513641345,0.8063160181045532,903650101,82.9390869140625,2196400279,2.300000051036477e-05,818094363,102.65550994873047,814685365,1.0,10,3,False,False,False,False
2022-03-11,38794.97265625,26364890465,2559.56298828125,12382419582,0.06026700139045715,958304319,372.1840515136719,1550840418,0.8021550178527832,3478317257,0.11560200154781342,388727358,0.7901250123977661,792395101,80.7449951171875,1852734626,2.2000000171829015e-05,748848965,104.9653549194336,764305866,1.0,11,4,False,False,False,False
2022-03-12,38904.01171875,14616450657,2574.754150390625,6532996574,0.05967500060796738,662171997,372.7303771972656,1211417865,0.7865869998931885,3730330472,0.11513599753379822,235277001,0.7906739711761475,493606091,81.55381774902344,1036290480,2.2000000171829015e-05,438871956,105.8323974609375,536251476,1.0,12,5,True,False,False,False
2022-03-13,37849.6640625,17300745310,2518.944580078125,8632000379,0.059363000094890594,680268525,361.8498229980469,1242011950,0.7613509893417358,2141326402,0.11160799860954285,373430106,0.7909950017929077,772035954,78.93607330322266,1316842580,2.2000000171829015e-05,660720467,102.11479949951172,535011513,1.0,13,6,True,False,False,False
2022-03-14,39666.75390625,24322159070,2590.696044921875,11244398839,0.06014300137758255,824441089,373.4661560058594,1455465550,0.7746559977531433,2212291022,0.11404799669981003,822092169,0.8039169907569885,924771999,81.17333984375,1676601058,2.2000000171829015e-05,632243876,105.67365264892578,743010065,1.0,14,0,False,False,False,False
2022-03-15,39338.78515625,23934000868,2620.149658203125,12861105614,0.06050100177526474,744609517,371.62884521484375,1360640456,0.7667829990386963,1830181545,0.1127839982509613,400614617,0.8000059723854065,832137304,82.95508575439453,1627848455,2.2000000171829015e-05,640514222,106.98857116699219,713675630,1.0,15,1,False,False,False,False
2022-03-16,41143.9296875,39616916192,2772.0556640625,17915109769,0.061083998531103134,826564020,385.5282287597656,1788844135,0.793537974357605,2480411473,0.116907998919487,537170937,0.8383740186691284,1233395707,87.90362548828125,2370877301,2.300000051036477e-05,841713079,111.35919189453125,977477844,1.0,16,2,False,False,False,False
2022-03-17,40951.37890625,22009601093,2814.8544921875,12685265194,0.06079699844121933,522659354,391.8247375488281,1635657390,0.7935029864311218,1862028805,0.11650200188159943,412838814,0.8367840051651001,909733920,87.87684631347656,2440062581,2.2000000171829015e-05,594487997,110.31023406982422,616556664,1.0,17,3,False,False,False,False
2022-03-18,41801.15625,34421564942,2945.343017578125,15830879093,0.06168900057673454,631362750,397.6455078125,1666543771,0.7982659935951233,1850743124,0.11930599808692932,410862503,0.8534330129623413,792706852,89.82203674316406,2745357460,2.2000000171829015e-05,696479699,112.1158676147461,644181133,1.0,18,4,False,False,False,False
2022-03-19,42190.65234375,19664853187,2946.257080078125,11576463120,0.06190900132060051,696942473,399.8535461425781,1532550954,0.8193730115890503,2046393370,0.12356899678707123,628081786,0.9010990262031555,1103521076,92.41815185546875,1951674158,2.4000000848900527e-05,1912871449,116.3732681274414,741516370,1.0,19,5,True,False,False,False
2022-03-20,41247.82421875,20127946682,2860.459228515625,12684727326,0.061438001692295074,919041984,390.76837158203125,1334193471,0.8061209917068481,1529598149,0.11915399879217148,428111799,0.8770920038223267,949951339,88.61486053466797,1286133603,2.300000051036477e-05,1176567440,114.82913970947266,859708742,1.0,20,6,True,False,False,False
2022-03-21,41077.99609375,24615543271,2897.9765625,15206116098,0.061781998723745346,926959844,396.44781494140625,1657341491,0.8381519913673401,2485293314,0.1193389967083931,439486516,0.916782021522522,1233477886,88.7572021484375,1598537312,2.300000051036477e-05,746003820,116.15872955322266,833192537,1.0,21,0,False,False,False,False
2022-03-22,42358.80859375,32004652376,2973.131103515625,16830539230,0.0634080022573471,1002011711,404.31494140625,1795119554,0.8370969891548157,2370573276,0.12248100340366364,610507111,0.9764400124549866,1699537576,90.51296997070312,1879747152,2.300000051036477e-05,987790840,122.92796325683594,1124098345,1.0,22,1,False,False,False,False
2022-03-23,42892.95703125,25242943069,3031.067138671875,16008767658,0.06433600187301636,896960807,408.6097717285156,1645651129,0.8378869891166687,2076377569,0.12972700595855713,998922753,1.1074819564819336,3447683427,95.1026840209961,2099467745,2.4000000848900527e-05,1272114432,122.47541809082031,872780593,1.0,23,2,False,False,False,False
2022-03-24,43960.93359375,31042992291,3108.06201171875,18070503166,0.06557100266218185,953255096,414.1269836425781,1831451218,0.8429679870605469,2278978187,0.13654999434947968,2017926806,1.130010962486267,3671006856,102.22369384765625,3601646600,2.499999936844688e-05,1339708814,126.5812759399414,1007870447,1.0,24,3,False,False,False,False
2022-03-25,44348.73046875,30574413034,3106.67138671875,17030503831,0.06446599960327148,793393593,410.8111572265625,1678265707,0.8251270055770874,1600059784,0.13101300597190857,882486375,1.0978879928588867,2232929187,98.6581039428711,2175497007,2.4000000848900527e-05,906531254,124.06736755371094,822120492,1.0,25,4,False,False,False,False
2022-03-26,44500.828125,16950455995,3143.178955078125,8876420740,0.06616199761629105,977050307,415.9197998046875,1082240527,0.8327720165252686,1056420320,0.13586799800395966,610401998,1.1505939960479736,1407171432,101.7641830444336,1282869612,2.4000000848900527e-05,472902729,124.88133239746094,560151992,1.0,26,5,True,False,False,False
2022-03-27,46820.4921875,28160889722,3291.57763671875,13431866834,0.06916999816894531,1325490972,430.5032653808594,1499505093,0.8573430180549622,1505124770,0.14473199844360352,1445019558,1.1821479797363281,1322194562,107.08422088623047,1572329892,2.5999999706982635e-05,792774798,129.39747619628906,740569100,1.0,27,6,True,False,False,False
2022-03-28,47128.00390625,36362175703,3336.634521484375,20620450770,0.06908100098371506,1246959758,430.390869140625,2128699500,0.8633040189743042,3205464277,0.14265699684619904,1476875507,1.1701840162277222,2304056098,106.46525573730469,2877146388,2.5999999706982635e-05,3561607258,127.93861389160156,943699101,1.0,28,0,False,True,False,False
2022-03-29,47465.73046875,31397059069,3401.98779296875,19533323636,0.06938199698925018,1007120138,434.50567626953125,1987696098,0.8579999804496765,2120020042,0.1444700062274933,961074557,1.1911120414733887,1761798381,111.71031188964844,3052274877,2.700000004551839e-05,2063838416,130.0612335205078,837905297,1.0,29,1,False,True,False,False
2022-03-30,47062.6640625,29333883962,3385.157958984375,15302506131,0.07308699935674667,1790649644,442.6848449707031,2181737151,0.8608139753341675,1832671641,0.14320999383926392,884305263,1.1903849840164185,1424442312,120.6994857788086,3908170428,2.700000004551839e-05,1629913880,131.16934204101562,928949835,1.0,30,2,False,True,False,False
2022-03-31,45538.67578125,33327427106,3281.642822265625,17685495686,0.07387600094079971,2057808251,428.9161071777344,2632534284,0.8145639896392822,2611691934,0.13782599568367004,1055136949,1.1418509483337402,1745903089,122.66146087646484,4115229587,2.5999999706982635e-05,1418516436,123.71601104736328,1352615724,1.0,31,3,False,True,False,False
2022-04-01,46281.64453125,38162644287,3449.55224609375,20982988937,0.0748940035700798,1135129855,446.6042785644531,2718206274,0.8277400135993958,2091887103,0.14131499826908112,877530017,1.1654249429702759,1687785845,134.43093872070312,4434807484,2.5999999706982635e-05,1141763445,124.8831787109375,854575075,1.0,1,4,False,False,True,False
2022-04-02,45868.94921875,29336594194,3445.059326171875,23571556215,0.07325000315904617,1022431667,436.9553527832031,2272901729,0.8249189853668213,1624227101,0.13891300559043884,682408266,1.1560070514678955,1224117012,132.19886779785156,3394186456,2.5999999706982635e-05,1189366972,124.9234848022461,761262628,1.0,2,5,True,False,True,False
2022-04-03,46453.56640625,25414397610,3522.83349609375,15333808649,0.07315800338983536,949584135,450.348876953125,2128734028,0.8429499864578247,1348476817,0.14645299315452576,1047399132,1.1859409809112549,976725814,136.77532958984375,2585967812,2.700000004551839e-05,918512393,128.9462127685547,676091829,1.0,3,6,True,False,True,False
2022-04-04,46622.67578125,32499785455,3521.2412109375,18209969743,0.07081600278615952,1513711813,447.5249328613281,2248856403,0.8272510170936584,1876069127,0.14859099686145782,2253509569,1.2129449844360352,2447778820,132.41262817382812,2828117206,2.5999999706982635e-05,1101356399,124.86170196533203,849319392,1.0,4,0,False,False,True,False
2022-04-05,45555.9921875,29640604055,3411.79248046875,16681503199,0.0694269984960556,1507602616,445.172607421875,2268650039,0.8176419734954834,1548706718,0.1729069948196411,5230288678,1.170801043510437,1188106135,126.86223602294922,2239922210,2.700000004551839e-05,1507483085,123.21317291259766,662578353,1.0,5,1,False,False,False,False
2022-04-06,43206.73828125,39393395788,3171.69189453125,25632563639,0.06328599900007248,1529128179,420.1463623046875,2323241738,0.7613139748573303,2527126540,0.14341700077056885,3729047979,1.052770972251892,1710318316,112.88338470458984,3281009143,2.4000000848900527e-05,1296200471,112.46133422851562,1017954203,1.0,6,2,False,False,False,False
2022-04-07,43503.84765625,26101973106,3233.274658203125,16745496605,0.06442999839782715,971910242,436.7967834472656,2125042415,0.7879999876022339,1628783831,0.14610199630260468,1420790611,1.0918940305709839,1139697598,118.79651641845703,2431083313,2.499999936844688e-05,687645596,114.23019409179688,635873842,1.0,7,3,False,False,False,False
2022-04-08,42287.6640625,27215995394,3192.073974609375,17557050669,0.06251899898052216,872570450,421.67724609375,1951923760,0.7540559768676758,1684019539,0.14254899322986603,1683800631,1.0263259410858154,926095649,109.8008804321289,2376864565,2.4000000848900527e-05,624386355,110.88206481933594,747638227,1.0,8,4,False,False,False,False
2022-04-09,42782.13671875,16050772496,3261.916259765625,9908112156,0.06396599858999252,1129762089,427.1530456542969,1399108286,0.7635849714279175,1008306245,0.14430299401283264,523997409,1.0450149774551392,640896639,112.97279357910156,1202250516,2.499999936844688e-05,456283801,112.77727508544922,519806313,1.0,9,5,True,False,False,False
2022-04-10,42207.671875,17654475582,3211.866943359375,10427054790,0.06253500282764435,1102729641,418.5906677246094,1410282903,0.7566140294075012,1046936968,0.14953500032424927,1931829669,1.0308849811553955,626332866,111.74243927001953,1280232450,2.499999936844688e-05,683926475,111.17377471923828,510044015,1.0,10,6,True,False,False,False
2022-04-11,39521.90234375,33949912166,2981.05224609375,21891804831,0.05822699889540672,1069383981,394.0868835449219,2192782724,0.6950230002403259,2367700413,0.1346540004014969,1515679359,0.92044997215271,1398303911,99.33910369873047,2272498194,2.2000000171829015e-05,739648605,102.60739135742188,807193871,1.0,11,0,False,False,False,False
2022-04-12,40127.18359375,30991500854,3030.37646484375,20235707410,0.05995599925518036,1043273712,413.8739318847656,2140526232,0.7166140079498291,1990027592,0.13807600736618042,1214105682,0.955145001411438,1076130201,103.30638885498047,2317008207,2.700000004551839e-05,3927623558,104.82841491699219,638546461,1.0,12,1,False,False,False,False
2022-04-13,41166.73046875,27691105228,3118.34423828125,16088473629,0.061514999717473984,1020106607,423.1301574707031,1932053164,0.7238500118255615,1678860044,0.14008000493049622,890728707,0.9746959805488586,791702878,105.00194549560547,1675840412,2.700000004551839e-05,2032682825,110.48245239257812,806829114,1.0,13,2,False,False,False,False
2022-04-14,39935.515625,24342001973,3019.909423828125,15821419931,0.06013200059533119,1055022478,414.6637268066406,1615484732,0.7268189787864685,1716488200,0.14392000436782837,1759067761,0.9324120283126831,812010499,100.70780181884766,1686576071,2.5999999706982635e-05,1152162515,107.41104125976562,736401323,1.0,14,3,False,False,False,False
2022-04-15,40553.46484375,21756855753,3040.91650390625,11256651536,0.06188900023698807,1031895769,417.2937316894531,1242920077,0.7856749892234802,2897060464,0.14602600038051605,1140382087,0.9547169804573059,574655010,101.30977630615234,1050639351,2.5999999706982635e-05,464520286,111.10934448242188,802528770,1.0,15,4,False,False,False,False
2022-04-16,40424.484375,16833150693,3062.310302734375,8766710365,0.06196000054478645,875267945,417.47845458984375,1022481382,0.781840980052948,1526957904,0.14371199905872345,584019179,0.9526399970054626,468473785,102.25731658935547,774939305,2.5999999706982635e-05,338664091,114.43070983886719,639352139,1.0,16,5,True,False,False,False
2022-04-17,39716.953125,19087633042,2993.4033203125,10463091281,0.060238998383283615,1112760166,407.3777160644531,1088306780,0.7531539797782898,1350930297,0.13945899903774261,636442285,0.9174659848213196,528371933,100.40969848632812,1057908299,2.499999936844688e-05,420838842,109.04278564453125,673093200,1.0,17,6,True,False,False,True
2022-04-18,40826.21484375,33705182072,3057.606689453125,18629381299,0.06156099960207939,1069156318,416.9684143066406,1925668122,0.7680169939994812,2134418883,0.14028599858283997,909718484,0.9367300271987915,1105222191,102.15853118896484,1846133932,2.499999936844688e-05,713137006,111.22614288330078,810603033,1.0,18,0,False,False,False,False
2022-04-19,41502.75,25303206547,3104.1064453125,14156035096,0.06336800009012222,968416694,422.3870544433594,1854452731,0.7750629782676697,1834225828,0.14266499876976013,679511647,0.9533330202102661,777142382,108.58203125,1711909607,2.499999936844688e-05,514266085,113.81208801269531,653731832,1.0,19,1,False,False,False,False
2022-04-20,41374.37890625,27819532341,3077.745849609375,15547362265,0.06264200061559677,982946556,418.354248046875,2035166767,0.7521780133247375,1798898557,0.14087800681591034,1068542289,0.9373409748077393,828312845,105.49700164794922,1761531528,2.499999936844688e-05,628811523,111.97969055175781,669392298,1.0,20,2,False,False,False,False
2022-04-21,40527.36328125,35372786395,2987.480712890625,20783591093,0.07145699858665466,3205960176,405.0214538574219,2190281843,0.7331780195236206,1990297103,0.13636499643325806,740549793,0.9104740023612976,871111347,101.77613830566406,1838571747,2.4000000848900527e-05,520836111,106.99798583984375,747220318,1.0,21,3,False,False,False,False
2022-04-22,39740.3203125,28011716745,2964.835693359375,16782795477,0.06678999960422516,1803457516,406.9875183105469,1895749713,0.7191939949989319,1881203798,0.13639500737190247,505251263,0.9071540236473083,725788912,100.61205291748047,1274793594,2.4000000848900527e-05,431642746,105.60062408447266,668097133,1.0,22,4,False,False,False,False
2022-04-23,39486.73046875,16138021249,2938.114013671875,9116955609,0.06765200197696686,859038929,401.6524658203125,1354484386,0.707705020904541,1332520641,0.1342409998178482,349740069,0.8885030150413513,447997661,100.74443817138672,823252482,2.4000000848900527e-05,341880954,105.5043716430664,502713461,1.0,23,5,True,False,False,False
2022-04-24,39469.29296875,17964398167,2922.732666015625,9696829579,0.06569699943065643,731832317,399.1053771972656,1222468479,0.6987389922142029,1108217932,0.13194699585437775,436620221,0.8863499760627747,487629549,99.23579406738281,818266008,2.4000000848900527e-05,328056265,104.62260437011719,487505921,1.0,24,6,True,False,False,True
2022-04-25,40458.30859375,35445730570,3009.3935546875,22332690614,0.06533099710941315,822895494,404.35028076171875,1910707893,0.6944260001182556,2377291271,0.1579589992761612,5177823685,0.8986949920654297,1139869029,101.24763488769531,1538486689,2.4000000848900527e-05,1200258088,104.68701934814453,802054036,1.0,25,0,False,False,False,False
2022-04-26,38117.4609375,34569088416,2808.29833984375,19052045399,0.06191999837756157,759564577,385.4830627441406,1671963898,0.6416990160942078,2160649427,0.1377670019865036,4529010503,0.8276450037956238,1020049782,95.78215026855469,1301074534,2.300000051036477e-05,729940767,98.40467834472656,702800418,1.0,26,1,False,False,False,False
2022-04-27,39241.12109375,30981015184,2888.9296875,17419284041,0.06322100013494492,769914329,391.4458312988281,1512587369,0.652318000793457,1722422062,0.1396999955177307,1765370972,0.840595006942749,927312593,98.37886810302734,1253566599,2.300000051036477e-05,650386644,100.53875732421875,692599516,1.0,27,2,False,False,False,False
2022-04-28,39773.828125,33903704907,2936.94091796875,18443524633,0.06375200301408768,750546636,406.71820068359375,2116381172,0.6443629860877991,1546067106,0.137363001704216,1105137506,0.8439499735832214,836357358,98.18572998046875,1307131609,2.300000051036477e-05,472878759,103.32334899902344,780434505,1.0,28,3,False,True,False,False
2022-04-29,38609.82421875,30882994649,2815.601806640625,18771041399,0.06353399902582169,1446734275,393.0621643066406,1928209754,0.6114069819450378,1962197662,0.13502700626850128,1555397213,0.8050429821014404,874797260,94.01134490966797,1234575023,2.2000000171829015e-05,677823796,100.37800598144531,861249271,1.0,29,4,False,True,False,False
2022-04-30,37714.875,23895713731,2730.186767578125,13520941867,0.06276699900627136,1060740399,377.767822265625,1467605770,0.5870910286903381,1649221930,0.12755699455738068,916612071,0.756659984588623,868001173,85.09593200683594,1293033765,1.9999999494757503e-05,818405640,96.16598510742188,604900808,1.0,30,5,True,True,False,False
2022-05-01,38469.09375,27002760110,2827.756103515625,15332730152,0.07090599834918976,1781670101,390.281982421875,1553846706,0.6078439950942993,1657999135,0.1327729970216751,991710768,0.7903439998626709,928448231,89.6715087890625,1426749080,2.2000000171829015e-05,848056380,99.43577575683594,592413785,1.0,1,6,True,False,True,False
2022-05-02,38529.328125,32922642426,2857.410400390625,18609741545,0.06878899782896042,1653747358,389.670654296875,1388077917,0.6142690181732178,1687184077,0.13093799352645874,769062732,0.7815290093421936,805325174,87.58101654052734,1265220129,2.099999983329326e-05,592820970,100.69322967529297,613922891,1.0,2,0,False,False,True,False
2022-05-03,37750.453125,27326943244,2783.476318359375,13026093219,0.07233600318431854,1731810530,383.4757995605469,1295877765,0.6048489809036255,1460418466,0.1295199990272522,555706527,0.7711449861526489,649650331,85.84237670898438,1011988792,1.9999999494757503e-05,403376379,99.343017578125,542363905,1.0,3,1,False,False,True,False
2022-05-04,39698.37109375,36754404490,2940.644775390625,18186749944,0.08624900132417679,2980152527,402.5026550292969,1714496792,0.6464740037918091,1959359438,0.1358090043067932,838050627,0.8969420194625854,1516023155,92.7708511352539,1428455342,2.2000000171829015e-05,636180875,106.27486419677734,768693782,1.0,4,2,False,False,True,False
2022-05-05,36575.140625,43106256317,2749.213134765625,22642925048,0.07458499819040298,2820369694,378.77362060546875,2389487319,0.5988860130310059,2183469244,0.12842999398708344,1258066467,0.7911520004272461,1802128590,84.59602355957031,1805979399,1.9999999494757503e-05,713051913,96.91891479492188,842334241,1.0,5,3,False,False,False,False
2022-05-06,36040.921875,37795577489,2694.979736328125,21027599270,0.08617500215768814,3585606184,379.3042907714844,1834770716,0.6025699973106384,2003273389,0.12790100276470184,839005988,0.7833589911460876,1312283636,81.76410675048828,1585081920,1.9999999494757503e-05,585924268,96.79175567626953,769940452,1.0,6,4,False,False,False,False
2022-05-07,35501.953125,24375896406,2636.093017578125,13369276367,0.08326499909162521,3071282411,365.6841125488281,1527960119,0.5823469758033752,1250412025,0.1275320053100586,746383231,0.7618820071220398,801558914,78.9834213256836,1139093165,1.8999999156221747e-05,423936667,94.5708999633789,551811127,1.0,7,5,True,False,False,False
2022-05-08,34059.265625,36763041910,2517.4599609375,20802269935,0.08752699941396713,2832185588,355.39874267578125,1875845651,0.5665270090103149,1505054300,0.12420699745416641,728953161,0.73956298828125,1085127147,75.22018432617188,1439700868,1.8000000636675395e-05,537073562,93.97643280029297,729348318,1.0,8,6,True,False,False,False
2022-05-09,30296.953125,63355494961,2245.430419921875,36333567678,0.07326299697160721,2918306329,299.34893798828125,2943374129,0.4929400086402893,3297478002,0.104823999106884,1353326367,0.6100879907608032,2306123277,63.2696533203125,2773999164,1.4000000192027073e-05,1391408513,77.9571533203125,1207155617,1.0,9,0,False,False,False,False
2022-05-10,31022.90625,59811038817,2343.510986328125,38202099639,0.07699800282716751,2462951535,319.32696533203125,3210603809,0.513625979423523,3455777036,0.10847699642181396,1723066438,0.6289629936218262,2372592084,66.76615142822266,3677013066,1.5999999959603883e-05,1923105329,80.2268295288086,1720920553,1.0,10,1,False,False,False,False
2022-05-11,28936.35546875,70388855818,2072.108642578125,45743399154,0.07447300106287003,4142562948,269.9627685546875,3870618668,0.41337600350379944,5290247987,0.08458100259304047,2556008051,0.5127999782562256,2692548110,50.21084976196289,4432811558,1.2000000424450263e-05,1583801209,66.38880157470703,1899877236,1.0,11,2,False,False,False,False
2022-05-12,29047.751953125,66989173272,1961.7015380859375,42463486402,0.06740300357341766,2368941622,269.4072570800781,4739990237,0.385206013917923,4641055357,0.08267100155353546,2631064083,0.47374600172042847,2798263564,44.683589935302734,4471167155,1.1000000085914508e-05,1412033424,64.40274810791016,1925404691,1.0,12,3,False,False,False,False
2022-05-13,29283.103515625,42841124537,2014.418212890625,24816096567,0.07420700043439865,1476857085,290.5841979980469,2774121165,0.42341700196266174,2949331810,0.08833099901676178,1444350618,0.5288770198822021,1946134960,48.59355163574219,2854210432,1.2999999853491317e-05,1436004010,67.96253967285156,1140599762,1.0,13,4,False,False,False,False
2022-05-14,30101.265625,28579868620,2056.27392578125,15457044616,0.07250099629163742,1027296113,297.3876037597656,1884570404,0.42777401208877563,2021953522,0.08979599922895432,902479951,0.5393580198287964,1178703676,52.4172248840332,2042138537,1.2999999853491317e-05,821428365,68.95030975341797,743433183,1.0,14,5,True,False,False,False
2022-05-15,31305.11328125,25835372065,2145.706787109375,14846088335,0.07235799729824066,870741567,312.0077209472656,1611088257,0.4473710060119629,1427697924,0.09284300357103348,651900826,0.5975000262260437,1090431332,58.81126022338867,1843835578,1.2999999853491317e-05,476871904,71.5303726196289,741432120,1.0,15,6,True,False,False,False
2022-05-16,29862.91796875,32613897286,2022.7259521484375,21459552191,0.06908799707889557,855280675,297.7101135253906,1754184298,0.42249900102615356,1839092427,0.08784099668264389,606521740,0.5567160248756409,1291715346,53.646461486816406,2067312217,1.2000000424450263e-05,470716635,67.21134948730469,722439504,1.0,16,0,False,False,False,False
2022-05-17,30425.857421875,29101473475,2090.4091796875,18509929297,0.0722929984331131,952468477,305.96343994140625,1584497815,0.437622994184494,1598581919,0.09021300077438354,560800173,0.5780770182609558,935138863,57.12562561035156,1823895389,1.2999999853491317e-05,502026876,72.96931457519531,802347484,1.0,17,1,False,False,False,False
2022-05-18,28720.271484375,31285268319,1916.6561279296875,17740965589,0.07097399979829788,882600967,287.43878173828125,1520090732,0.4061659872531891,1599734223,0.08364900201559067,558257804,0.5056149959564209,933793601,49.75621032714844,1745565671,1.2000000424450263e-05,447213809,66.41563415527344,756026173,1.0,18,2,False,False,False,False
2022-05-19,30314.333984375,33773447707,2018.336181640625,18734247914,0.07360800355672836,1024380447,306.79156494140625,1646882950,0.41997599601745605,1557252121,0.08672299981117249,613801947,0.5333210229873657,939230823,52.2139778137207,1958004386,1.2000000424450263e-05,428502212,72.0966796875,801021670,1.0,19,3,False,False,False,False
2022-05-20,29200.740234375,30749382605,1961.315673828125,15892482289,0.07135099917650223,1027930564,302.3592224121094,1756670714,0.41113701462745667,1721877559,0.08397699892520905,518556378,0.5179070234298706,722609837,49.538509368896484,1830699507,1.2000000424450263e-05,318906896,68.65829467773438,729408177,1.0,20,4,False,False,False,False
2022-05-21,29432.2265625,17274840442,1974.518310546875,8546822406,0.07406999915838242,762864621,312.4660339355469,1318736979,0.41467300057411194,875738315,0.08446300029754639,335246011,0.5283139944076538,428041383,50.3179817199707,979492374,1.2000000424450263e-05,269090360,69.7057876586914,449401029,1.0,21,5,True,False,False,False
2022-05-22,30323.72265625,21631532270,2043.170166015625,10941123403,0.07813099771738052,893396754,319.6090087890625,1604297406,0.42233699560165405,896133087,0.08610499650239944,375026021,0.5426179766654968,489742264,52.75518035888672,1105760506,1.2000000424450263e-05,346543992,71.77400207519531,449155414,1.0,22,6,True,False,False,False
2022-05-23,29098.91015625,31483454557,1972.181884765625,16434529708,0.07628200203180313,1295306336,316.76055908203125,2228144099,0.4046710133552551,1399019792,0.08325300365686417,507385171,0.5126050114631653,753004177,49.05685043334961,1661669360,1.2000000424450263e-05,684387210,69.01275634765625,736854342,1.0,23,0,False,False,False,False
2022-05-24,29655.5859375,26616506245,1978.9827880859375,13057109007,0.08060699701309204,1477540632,328.1893310546875,2002782969,0.4087130129337311,1394251522,0.08363699913024902,462415724,0.5212240219116211,678125877,49.65333557128906,1508166642,1.2000000424450263e-05,338191313,70.32154846191406,588236113,1.0,24,1,False,False,False,False
2022-05-25,29562.361328125,27525063551,1944.827880859375,13364545730,0.08462999761104584,1379210475,325.73480224609375,2008481372,0.4057849943637848,1587278448,0.08298499882221222,419834752,0.5138769745826721,589015500,47.982425689697266,1304580067,1.2000000424450263e-05,270410751,68.31311798095703,529431480,1.0,25,2,False,False,False,False
2022-05-26,29267.224609375,36774325352,1803.913330078125,23458681818,0.08236999809741974,1876632595,304.96392822265625,2686414043,0.39316999912261963,2091610974,0.07825200259685516,711890873,0.48088300228118896,909554798,43.4912109375,2208994514,1.1000000085914508e-05,470812067,63.8281364440918,721052783,1.0,26,3,False,False,False,False
2022-05-27,28627.57421875,36582005748,1724.9228515625,25470760032,0.08062200248241425,1464024903,300.9720458984375,2593113824,0.3817870020866394,1927217638,0.08133500069379807,1310057650,0.4555070102214813,922413717,40.981346130371094,2256358026,9.999999747378752e-06,405412906,61.56392288208008,646210455,1.0,27,4,False,False,False,False
2022-05-28,28814.900390625,35519577634,1757.9417724609375,23214777872,0.0812549963593483,895921518,307.8154296875,1471633413,0.3863230049610138,865258883,0.08183900266885757,535539620,0.4647639989852905,448858644,44.343162536621094,1254325884,1.1000000085914508e-05,231462555,62.31327819824219,615552947,1.0,28,5,True,True,False,False
2022-05-29,29445.95703125,18093886409,1812.031005859375,10642556101,0.08050700277090073,744344490,305.9750671386719,1208835000,0.3890160024166107,752879867,0.08268599957227707,394962471,0.48112601041793823,444269488,44.90961456298828,1317843243,1.2000000424450263e-05,419949041,63.74662780761719,418602793,1.0,29,6,True,True,False,False
2022-05-30,31726.390625,39277993274,1996.4412841796875,19580808705,0.08325900137424469,930393865,321.7528991699219,2064357375,0.41817501187324524,1404448305,0.0878710001707077,690696756,0.5700730085372925,1185015742,47.179443359375,1708817065,1.2000000424450263e-05,635871505,69.12091827392578,587913790,1.0,30,0,False,True,False,True
2022-05-31,31792.310546875,33538210634,1942.3280029296875,18363115560,0.08419100195169449,983838110,320.485107421875,1711532960,0.4218670129776001,1738462198,0.08586499840021133,672444588,0.6252539753913879,3269050143,45.76784133911133,1509191627,1.2000000424450263e-05,475903019,68.41138458251953,532691935,1.0,31,1,False,True,False,False
2022-06-01,29799.080078125,41135817341,1823.5693359375,21037797760,0.08347400277853012,1758857734,300.5040588378906,1763624947,0.39808499813079834,1569696040,0.08105599880218506,830748610,0.5527499914169312,1404107650,40.26966857910156,1422647092,1.1000000085914508e-05,428977853,62.96781921386719,754343388,1.0,1,2,False,False,True,False
2022-06-02,30467.48828125,29083562061,1834.1505126953125,17065041354,0.08421900123357773,1015848750,308.1017761230469,1228180850,0.4053019881248474,1298797541,0.08277200162410736,434510607,0.5877950191497803,1257661647,40.8913459777832,1554022054,1.1000000085914508e-05,295981470,64.45135498046875,497215110,1.0,2,3,False,False,True,False
2022-06-03,29704.390625,26175547452,1775.07861328125,14878001811,0.08114399760961533,806751464,298.39788818359375,1115211127,0.3907659947872162,1284592602,0.08044199645519257,403339248,0.5596579909324646,910186327,38.259220123291016,1348656102,1.1000000085914508e-05,255259560,62.659263610839844,445994255,1.0,3,4,False,False,True,False
2022-06-04,29832.9140625,16588370958,1801.6094970703125,8677951273,0.08036699891090393,871853678,301.6311340332031,805954970,0.3923090100288391,696569397,0.08177699893712997,350329772,0.5660690069198608,559861766,38.93144607543945,1130762770,1.1000000085914508e-05,176261542,63.74738311767578,365451394,1.0,4,5,True,False,True,False
2022-06-05,29906.662109375,17264085441,1805.2049560546875,8850385937,0.08142600208520889,598654849,298.9347229003906,779603321,0.3953799903392792,726398938,0.08122900128364563,282624184,0.5670899748802185,478128224,38.480533599853516,998532387,1.1000000085914508e-05,175363152,63.2078742980957,358399957,1.0,5,6,True,False,False,False
2022-06-06,31370.671875,31947336829,1859.2896728515625,16518471852,0.0817049965262413,779535719,295.3960266113281,1470941103,0.4030109941959381,1221803580,0.08252999931573868,503707292,0.6093279719352722,1417826128,42.43313217163086,1955057411,1.1000000085914508e-05,299560801,64.41727447509766,500130108,1.0,6,0,False,False,False,False
2022-06-07,31155.478515625,40770974039,1814.04833984375,24020076750,0.08201300352811813,908038206,290.34112548828125,1752763456,0.4077019989490509,1666703798,0.08051300048828125,509642725,0.6154450178146362,1450579665,39.43757247924805,1974825213,1.1000000085914508e-05,344739034,63.90550994873047,578504158,1.0,7,1,False,False,False,False
2022-06-08,30214.35546875,30242059107,1793.572265625,18041476023,0.08063700050115585,817566177,288.6160888671875,1136631692,0.40064799785614014,1183206226,0.07943899929523468,328046389,0.6416140198707581,1636846100,38.84336853027344,1211034282,1.1000000085914508e-05,228040184,61.54667663574219,590606981,1.0,8,2,False,False,False,False
2022-06-09,30111.998046875,21692004719,1789.8260498046875,12013083393,0.08097600191831589,699118760,289.9196472167969,800984464,0.4003239870071411,911815336,0.0793360024690628,274673852,0.6329200267791748,1166081755,39.97260665893555,1265873005,1.1000000085914508e-05,384640508,60.215972900390625,461393198,1.0,9,3,False,False,False,False
2022-06-10,29083.8046875,29867476527,1665.042236328125,18504740451,0.07894399762153625,768679902,286.04669189453125,1362797648,0.38173601031303406,1424539679,0.0754539966583252,431520761,0.5742160081863403,1170021356,37.08976745605469,1177042406,9.999999747378752e-06,241095707,56.658416748046875,631581518,1.0,10,4,False,False,False,False
2022-06-11,28360.810546875,27246574439,1529.6634521484375,21127089064,0.07594700157642365,781940113,269.48699951171875,1220361307,0.3590250015258789,1111401064,0.06989499926567078,497184012,0.5527769923210144,1232257018,33.82111740112305,1086904917,9.000000318337698e-06,347009991,52.29166030883789,735247033,1.0,11,5,True,False,False,False
2022-06-12,26762.6484375,34163220274,1445.216552734375,23465074882,0.07642299681901932,976987397,255.9508819580078,1380200465,0.3454900085926056,1370072145,0.06433600187301636,708156957,0.4968610107898712,1474640183,30.743270874023438,1430666510,9.000000318337698e-06,468217434,48.228904724121094,674269221,1.0,12,6,True,False,False,False
2022-06-13,22487.388671875,68204556440,1204.582763671875,45162788786,0.06379400193691254,2287620588,222.5057830810547,2471570710,0.31080201268196106,2558939154,0.05392099916934967,1465281537,0.4631330072879791,2551895485,28.19236183166504,2577135234,7.999999979801942e-06,665964700,43.30030059814453,1135771941,1.0,13,0,False,False,False,False
2022-06-14,22206.79296875,50913575242,1211.662841796875,33327826525,0.055785998702049255,1822789352,223.22125244140625,2027226914,0.32214298844337463,1977069964,0.05559200048446655,908921329,0.48438599705696106,2241209963,29.714618682861328,2317785256,7.999999979801942e-06,478277756,46.132015228271484,1038406218,1.0,14,1,False,False,False,False
2022-06-15,22572.83984375,54912007015,1233.2064208984375,37539999450,0.06293299794197083,2755308725,233.39671325683594,2244407305,0.3437030017375946,2242860490,0.06300000101327896,1122284662,0.5332959890365601,2335125416,34.48794174194336,2574959860,9.000000318337698e-06,514356384,50.49177169799805,1082980140,1.0,15,2,False,False,False,False
2022-06-16,20381.650390625,31183975654,1067.730712890625,18907671369,0.05908999964594841,1183929294,209.5387420654297,1483212957,0.3120560050010681,1477710114,0.0550290010869503,724479688,0.47502198815345764,1226235066,29.989742279052734,1908909523,7.999999979801942e-06,343758214,44.6997184753418,754689123,1.0,16,3,False,False,False,False
2022-06-17,20471.482421875,27132421514,1086.519287109375,14591486540,0.059873998165130615,762884513,215.8917999267578,1108538874,0.32138100266456604,1381554091,0.056995000690221786,383830484,0.48739200830459595,872710309,30.742919921875,1283536081,7.999999979801942e-06,210833181,47.684913635253906,624241753,1.0,17,4,False,False,False,False
2022-06-18,19017.642578125,42009436760,993.6367797851562,21655406608,0.06092299893498421,1028383584,197.04299926757812,1579731402,0.3080900013446808,1403189628,0.053011998534202576,652345943,0.45618200302124023,1214101657,31.80793571472168,1804420726,7.999999979801942e-06,304500488,47.247257232666016,878504763,1.0,18,5,True,False,False,False
2022-06-19,20553.271484375,35329942625,1127.656494140625,21795481981,0.06149499863386154,852991390,214.9205322265625,1333254615,0.3260529935359955,1159418572,0.06039600074291229,1166163984,0.48436400294303894,1050008285,34.24374771118164,2005402608,7.999999979801942e-06,310911208,54.32316589355469,1408560758,1.0,19,6,True,False,False,True
2022-06-20,20599.537109375,30818458597,1127.6424560546875,19739691429,0.06115199998021126,646782356,216.93426513671875,1235838900,0.32334598898887634,1187888833,0.060176998376846313,499018791,0.49226099252700806,1096263588,35.4171142578125,1958378683,7.999999979801942e-06,247862112,52.90559387207031,867331545,1.0,20,0,False,False,False,False
2022-06-21,20710.59765625,28970212744,1124.8245849609375,15632089439,0.06484600156545639,729139975,219.49862670898438,1165714518,0.32862600684165955,1247582002,0.06557100266218185,1051899538,0.479203999042511,1018828248,36.121158599853516,1790090431,1.1000000085914508e-05,1578164594,53.5076789855957,683095131,1.0,21,1,False,False,False,False
2022-06-22,19987.029296875,28574793478,1051.421875,15010593493,0.06312499940395355,556844383,214.2619171142578,1050984086,0.32258498668670654,1064144662,0.06171099841594696,633619298,0.4585680067539215,818977392,34.12163543701172,1533123071,9.999999747378752e-06,1212245866,52.10539245605469,571710882,1.0,22,2,False,False,False,False
2022-06-23,21085.876953125,26188097173,1143.38671875,14657862919,0.06374700367450714,470843937,228.95375061035156,1148541185,0.33553099632263184,927324605,0.06403200328350067,434169751,0.4802919924259186,711554788,38.17523193359375,1666479184,9.999999747378752e-06,679449485,55.76283264160156,675234042,1.0,23,3,False,False,False,False
2022-06-24,21231.65625,24957784918,1226.8447265625,16981552654,0.06590099632740021,588393543,240.23831176757812,1127877901,0.36758700013160706,2253100828,0.06712400168180466,514729444,0.4992240071296692,945924412,42.2120475769043,1765927064,1.1000000085914508e-05,804722625,55.99228286743164,589158085,1.0,24,4,False,False,False,False
2022-06-25,21502.337890625,18372538715,1243.4468994140625,12481946184,0.06491400301456451,450270261,239.69065856933594,915553554,0.36755600571632385,912142249,0.0685029998421669,432671864,0.49894601106643677,649820170,42.33281326293945,1271293523,1.2000000424450263e-05,926458281,58.96992874145508,560628121,1.0,25,5,True,False,False,False
2022-06-26,21027.294921875,18027170497,1199.8316650390625,12096607824,0.06496399641036987,429015922,233.85874938964844,823875890,0.3588640093803406,789514304,0.07317700237035751,883689355,0.48965299129486084,842528877,39.40808868408203,1138724690,1.1000000085914508e-05,647639113,56.87614440917969,486759815,1.0,26,6,True,False,False,False
2022-06-27,20735.478515625,20965695707,1193.6806640625,12492225250,0.06707199662923813,783335544,233.65402221679688,841135242,0.35323500633239746,989571906,0.0722389966249466,962250061,0.4857900142669678,709992597,38.45125198364258,1253389517,1.1000000085914508e-05,524506475,55.92555618286133,456437012,1.0,27,0,False,False,False,False
2022-06-28,20280.634765625,21381535161,1144.5792236328125,14023205651,0.06603799760341644,711602626,226.92733764648438,1082126615,0.3373290002346039,1038924972,0.06595700234174728,534793983,0.46967101097106934,724759074,35.326438903808594,1361946847,9.999999747378752e-06,472570140,52.81161117553711,519374670,1.0,28,1,False,True,False,False
2022-06-29,20104.0234375,23552740328,1098.94384765625,15386286815,0.0648299977183342,633531668,219.2844696044922,1062609997,0.3289780020713806,1094664825,0.06946799904108047,592828738,0.46550899744033813,769352065,33.8739013671875,1366803516,9.999999747378752e-06,582310241,53.42253875732422,557459009,1.0,29,2,False,True,False,False
2022-06-30,19784.7265625,26267239923,1067.298828125,16350755497,0.06475500017404556,772177738,219.3000946044922,1088852065,0.3314479887485504,1456445785,0.06608600169420242,566648029,0.4588490128517151,903962268,33.588417053222656,1321861663,9.999999747378752e-06,604730096,53.64842987060547,632075268,1.0,30,3,False,True,False,False
2022-07-01,19269.3671875,30767551159,1059.767333984375,17499453625,0.06494399905204773,775984995,216.0154571533203,1234215934,0.31367701292037964,1249145615,0.06617499887943268,472441458,0.44808900356292725,796619668,32.803070068359375,1427407655,9.999999747378752e-06,423518491,51.11524200439453,628538818,1.0,1,4,False,False,True,False
2022-07-02,19242.255859375,18100418740,1066.5128173828125,9935603640,0.06476599723100662,448329134,218.0352325439453,767361243,0.31557899713516235,608601610,0.06669799983501434,352589827,0.45635101199150085,494852064,33.35940933227539,765552187,9.999999747378752e-06,220131113,50.48544692993164,448609019,1.0,2,5,True,False,True,False
2022-07-03,19297.076171875,16390821947,1073.7669677734375,8557248150,0.06624600291252136,593842787,218.98031616210938,724525676,0.3217029869556427,728566418,0.06717900186777115,280878240,0.4555869996547699,439469536,33.38593292236328,605659825,9.999999747378752e-06,204381631,50.97217559814453,402299367,1.0,3,6,True,False,True,False
2022-07-04,20231.26171875,21594638208,1151.05908203125,13670889311,0.06723800301551819,587238127,231.57412719726562,1039372640,0.32879000902175903,1018446189,0.06947200000286102,379581122,0.4696440100669861,808524892,36.785030364990234,1091202628,9.999999747378752e-06,289253382,52.24381637573242,425036720,1.0,4,0,False,False,True,True
2022-07-05,20190.115234375,26715546990,1134.541015625,16195518291,0.06819400191307068,645612237,230.8463592529297,1310031377,0.325423002243042,1130550266,0.06715500354766846,403220687,0.45763200521469116,766706338,35.39555358886719,1569156882,9.999999747378752e-06,462032913,49.83059310913086,559357113,1.0,5,1,False,False,False,False
2022-07-06,20548.24609375,24598943708,1186.9739990234375,15373536703,0.06758599728345871,549364122,238.49993896484375,1266715664,0.3322719931602478,1099742037,0.06858299672603607,398926503,0.4621790051460266,622551308,37.07356262207031,1410588451,9.999999747378752e-06,317999228,50.361087799072266,429814449,1.0,6,2,False,False,False,False
2022-07-07,21637.587890625,25814972520,1237.5933837890625,14230795894,0.06864400207996368,602740360,241.5445098876953,1108137930,0.3421509861946106,1037133139,0.07062099874019623,402591742,0.4778119921684265,619107061,38.518306732177734,1189167903,1.1000000085914508e-05,454333295,52.14289474487305,478192342,1.0,7,3,False,False,False,False
2022-07-08,21731.1171875,49899834488,1222.5062255859375,16315929082,0.06902199983596802,642392688,240.75071716308594,1341618380,0.34162798523902893,1469173608,0.06925699859857559,444369733,0.46731099486351013,827327238,38.286720275878906,1485794730,1.1000000085914508e-05,586643040,51.5649528503418,565652402,1.0,8,4,False,False,False,False
2022-07-09,21592.20703125,29641127858,1216.978271484375,8821353104,0.06983300298452377,523762966,243.24107360839844,851653424,0.3449519872665405,602546961,0.06951200217008591,254272147,0.4787600040435791,666827059,38.07196044921875,789899204,1.2000000424450263e-05,419470972,54.16061782836914,444782359,1.0,9,5,True,False,False,False
2022-07-10,20860.44921875,28688807249,1168.401611328125,10984558039,0.06764700263738632,536501465,234.65557861328125,881096013,0.3256630003452301,913229467,0.06726299971342087,299810124,0.4632200002670288,612314122,36.697608947753906,714119421,1.1000000085914508e-05,337983053,52.16814041137695,616041879,1.0,10,6,True,False,False,False
2022-07-11,19970.556640625,24150249025,1097.236572265625,12064180410,0.06471800059080124,501527155,225.85850524902344,1021066311,0.31429699063301086,1042057085,0.06184700131416321,326125900,0.4355199933052063,737643033,33.463600158691406,930216020,9.999999747378752e-06,332271712,48.77458953857422,393277100,1.0,11,0,False,False,False,False
2022-07-12,19323.9140625,25810220018,1038.191650390625,12583282453,0.06464400142431259,522121126,220.4645538330078,1140033692,0.3116590082645416,968873598,0.06008699908852577,298462083,0.417928010225296,707915451,32.75759506225586,916386230,9.999999747378752e-06,287884681,47.54238510131836,368912014,1.0,12,1,False,False,False,False
2022-07-13,20212.07421875,33042430345,1113.587158203125,18302588147,0.0662430003285408,647000670,230.52476501464844,1431776142,0.3237299919128418,1295979555,0.06195300072431564,446505400,0.43810799717903137,977278539,34.91093826293945,1313110217,1.1000000085914508e-05,375466274,49.56312561035156,447352506,1.0,13,2,False,False,False,False
2022-07-14,20569.919921875,31158743333,1191.5262451171875,16688640823,0.06688199937343597,550380240,238.1644744873047,1609361574,0.3332209885120392,3386821229,0.062394000589847565,348090510,0.4410249888896942,861474952,37.10782241821289,1320137563,1.1000000085914508e-05,316823106,51.218807220458984,420169921,1.0,14,3,False,False,False,False
2022-07-15,20836.328125,25905575359,1233.129150390625,17411448225,0.06707099825143814,480306925,238.57398986816406,1151260376,0.33453500270843506,1512184333,0.06304199993610382,374357844,0.4424560070037842,739541229,37.41592788696289,1266226950,1.1000000085914508e-05,357658131,51.798065185546875,442039141,1.0,15,4,False,False,False,False
2022-07-16,21190.31640625,24302954056,1352.62646484375,18364013796,0.06889700144529343,536372612,249.5938720703125,1030985968,0.3508610129356384,1292123515,0.06428000330924988,279644299,0.45723000168800354,653009372,39.57412338256836,1149921714,1.1000000085914508e-05,280242047,55.12516403198242,426040229,1.0,16,5,True,False,False,False
2022-07-17,20779.34375,22927802083,1338.6357421875,16079711737,0.06742700189352036,487931457,247.84848022460938,1050861669,0.34341201186180115,1093079294,0.06310699880123138,249697026,0.4473530054092407,695937971,38.64472198486328,1119935904,1.1000000085914508e-05,259125727,55.721351623535156,579886019,1.0,17,6,True,False,False,False
2022-07-18,22485.689453125,39974475562,1578.7178955078125,27440420623,0.0690779983997345,695038392,264.88604736328125,1632324536,0.3661769926548004,1627385386,0.06771499663591385,564795959,0.4925430119037628,1514608156,43.746158599853516,1793335611,1.2000000424450263e-05,831610865,58.62628936767578,604964726,1.0,18,0,False,False,False,False
2022-07-19,23389.43359375,48765202697,1542.9752197265625,27753529276,0.06914199888706207,673459607,268.81732177734375,1925805446,0.37322500348091125,1604201237,0.06901299953460693,552211168,0.5157679915428162,1558576681,44.89987564086914,2530289999,1.2000000424450263e-05,781843830,57.98419952392578,579491163,1.0,19,1,False,False,False,False
2022-07-20,23231.732421875,42932549127,1520.20068359375,22942708340,0.06760500371456146,620662504,258.33880615234375,1675018362,0.3604840040206909,1534818247,0.07011999934911728,1019375521,0.49104300141334534,1559480054,42.09366989135742,2020822242,1.2000000424450263e-05,991060912,57.23776626586914,662964095,1.0,20,2,False,False,False,False
2022-07-21,23164.62890625,33631012204,1576.74951171875,20009556587,0.06803199648857117,513203358,265.4625549316406,1220055525,0.36703601479530334,1202692151,0.06995999813079834,492434239,0.5000979900360107,929201777,43.19059371948242,1926399176,1.2000000424450263e-05,532904234,58.099822998046875,464802265,1.0,21,3,False,False,False,False
2022-07-22,22714.978515625,31421555646,1537.4051513671875,18926100582,0.06705400347709656,467189246,262.87744140625,1173778496,0.3586040139198303,1150022760,0.067562997341156,479456105,0.4839459955692291,783147406,40.61850357055664,1523873136,1.2000000424450263e-05,451101879,56.17611312866211,464241227,1.0,22,4,False,False,False,False
2022-07-23,22465.478515625,24021799169,1549.2974853515625,14998811383,0.06695900112390518,425003130,259.4630126953125,1108172504,0.35954099893569946,863843426,0.06812400370836258,427922351,0.5173680186271667,837188756,40.040977478027344,1151436691,1.2000000424450263e-05,379227119,56.42631912231445,380442502,1.0,23,5,True,False,False,False
2022-07-24,22609.1640625,23565495303,1599.4766845703125,17217849557,0.06694400310516357,436083112,261.8648681640625,913146574,0.3592599928379059,912894827,0.06772399693727493,369141492,0.5138139724731445,910596091,41.00658416748047,1115260733,1.2000000424450263e-05,288641414,58.48570251464844,402627822,1.0,24,6,True,False,False,False
2022-07-25,21361.701171875,35574561406,1445.3834228515625,20585056021,0.06385499984025955,522131861,245.14849853515625,1005244476,0.33731499314308167,1207904872,0.0623060017824173,448572441,0.4762499928474426,747132740,36.711997985839844,1465847128,1.1000000085914508e-05,379432978,54.366275787353516,445424172,1.0,25,0,False,False,False,False
2022-07-26,21239.75390625,28624673855,1441.8067626953125,18238563509,0.06533899903297424,470056536,248.9583740234375,926779355,0.3378159999847412,1110467650,0.06251200288534164,416488015,0.4676069915294647,753266177,36.190853118896484,1362323126,1.1000000085914508e-05,342257533,53.7901725769043,400322025,1.0,26,1,False,False,False,False
2022-07-27,22930.548828125,31758955233,1636.232666015625,23007524016,0.06866499781608582,583569484,271.5043640136719,1405510237,0.3591180145740509,1314040220,0.06702099740505219,499204589,0.5105530023574829,1108377917,40.3078498840332,1829226049,1.1000000085914508e-05,497164432,58.95100402832031,529603132,1.0,27,2,False,False,False,False
2022-07-28,23843.88671875,40212386158,1725.4681396484375,27231399966,0.06975600123405457,681131771,277.2939147949219,1648592412,0.3733760118484497,1839928651,0.06910800188779831,650983024,0.5133280158042908,1404871202,42.84526824951172,2454901807,1.2000000424450263e-05,675002934,63.46399688720703,757291482,1.0,28,3,False,True,False,False
2022-07-29,23804.6328125,35887249746,1727.406982421875,23249531113,0.06928999722003937,697922778,293.9533386230469,2562325488,0.36867499351501465,1706911237,0.06890899688005447,696887711,0.5233349800109863,1601170272,41.926998138427734,2066610408,1.2000000424450263e-05,576891148,60.92249298095703,664571137,1.0,29,4,False,True,False,False
2022-07-30,23656.20703125,28148218301,1695.969482421875,15576977870,0.06914299726486206,558691097,287.5361328125,1578905327,0.38776400685310364,1767280595,0.06964399665594101,760571682,0.5255759954452515,1247885850,43.755889892578125,1980341418,1.2000000424450263e-05,683137653,60.44015121459961,667982996,1.0,30,5,True,True,False,False
2022-07-31,23336.896484375,23553591896,1681.517333984375,14200735370,0.06894300132989883,492358498,283.5794677734375,1313531523,0.3804579973220825,1359568596,0.06827200204133987,521194035,0.5170199871063232,875157898,42.400203704833984,1356657075,1.2000000424450263e-05,421765443,59.909507751464844,502294495,1.0,31,6,True,True,False,False
2022-08-01,23314.19921875,25849159141,1635.19580078125,16191371176,0.06993699818849564,496002227,283.53948974609375,1314157614,0.3799760043621063,1059391028,0.06872499734163284,444088167,0.5141230225563049,647889797,41.78648376464844,1082119921,1.2000000424450263e-05,616917563,59.53544616699219,467875340,1.0,1,0,False,False,True,False
2022-08-02,22978.1171875,28389250717,1632.9454345703125,20426082309,0.06837300211191177,494878828,283.82098388671875,1768344106,0.37202098965644836,1232425419,0.0666939988732338,336642237,0.4968329966068268,709947033,39.7545051574707,1205226999,1.2000000424450263e-05,395081060,58.24385452270508,524322092,1.0,2,1,False,False,True,False
2022-08-03,22846.5078125,26288169966,1618.87451171875,16786218830,0.06782499700784683,372209995,298.3567810058594,2133584480,0.3698520064353943,1105707649,0.06619500368833542,286819387,0.5009880065917969,553477710,38.54441833496094,2312325350,1.2000000424450263e-05,317439052,57.80519104003906,472558915,1.0,3,2,False,False,True,False
2022-08-04,22630.95703125,25120229769,1608.205810546875,14467440626,0.06894399970769882,388332214,310.7060546875,1926587001,0.3713510036468506,916895439,0.06735700368881226,256457805,0.4996680021286011,499753654,38.83067321777344,1235137178,1.2000000424450263e-05,301914202,59.848575592041016,437413922,1.0,4,3,False,False,True,False
2022-08-05,23289.314453125,28881249043,1732.254638671875,18546491876,0.06982800364494324,354133861,315.185546875,1585061398,0.37659499049186707,986100302,0.06976500153541565,336216727,0.517503023147583,536832135,40.561031341552734,1198859111,1.2000000424450263e-05,337423841,62.40127182006836,463122316,1.0,5,4,False,False,False,False
2022-08-06,22961.279296875,15978259885,1691.6580810546875,11757911705,0.06947200000286102,292783849,315.06890869140625,1151509385,0.37157100439071655,498759511,0.0686739981174469,277979112,0.5112559795379639,370884770,40.0570068359375,650997770,1.2000000424450263e-05,278723005,60.91834259033203,291347560,1.0,6,5,True,False,False,False
2022-08-07,23175.890625,15886817043,1699.350830078125,10252090340,0.06963299959897995,280333476,322.921142578125,1012978419,0.3725059926509857,509151829,0.06893999874591827,204862521,0.5274699926376343,495713645,40.6055908203125,614104051,1.2000000424450263e-05,225119696,61.1023063659668,276519336,1.0,7,6,True,False,False,False
2022-08-08,23809.486328125,28575544847,1775.51611328125,16841424404,0.07011000066995621,330352594,324.8004150390625,1318773332,0.37875398993492126,1030742941,0.07005500048398972,399183407,0.5365960001945496,782794306,42.17055130004883,1117550363,1.2000000424450263e-05,553334119,62.59212875366211,384554405,1.0,8,0,False,False,False,False
2022-08-09,23164.318359375,23555719219,1703.0250244140625,16368619692,0.06847400218248367,381450851,324.9123229980469,1139003043,0.36810100078582764,4098651206,0.06912499666213989,611327142,0.5140519738197327,636681258,40.372623443603516,895263875,1.2000000424450263e-05,590838988,59.2599983215332,406076522,1.0,9,1,False,False,False,False
2022-08-10,23947.642578125,32837431722,1851.74267578125,23512477984,0.07032199949026108,374260298,328.4711608886719,1738218767,0.3810650110244751,1732723595,0.07119499891996384,431172729,0.5370929837226868,816259967,42.365867614746094,1389333742,1.2000000424450263e-05,418731355,61.603851318359375,543530224,1.0,10,2,False,False,False,False
